Category,Theme,Motivation,Category Description,Motivation Description,Evidence Snippets,Subtheme Description
Achievement and Self-Improvement,Skill Acquisition and Mastery,They are driven to develop their skills and grow personally.,"Motivations driven by the desire to attain personal success, accomplishments, and recognition.",Aiming to improve personal skills and knowledge.,They seek to improve themselves|Personal growth is a priority|Skill development motivates them,"Motivations centered on self-improvement, skill development, and mastery."
Achievement and Self-Improvement,Goal-Oriented Motivation,They seek to improve their mental health and emotional resilience.,"Motivations driven by the desire for self-improvement, mastery, and reaching personal goals.",Motivations focused on enhancing mental well-being.,Motivated by the desire to feel mentally stronger and more balanced.|Seeking ways to improve emotional well-being.,"Motivations driven by the desire to better oneself mentally, physically, or emotionally."
Achievement and Self-Improvement,Performance Enhancement,They are motivated to reach significant milestones in their lives.,"Motivations driven by the desire to improve oneself, attain goals, and develop new skills.",The drive to attain specific milestones or benchmarks.,They are motivated to reach significant milestones in their lives.|Striving to hit important benchmarks.,"Motivations driven by the desire to achieve success, recognition, or milestones."
Achievement and Self-Improvement,Performance Enhancement,They want to get promoted to a higher position at work.,"Motivations related to self-improvement, reaching goals, and personal development.",Seeking higher position and recognition in their career.,Aspires to climb the corporate ladder|Seeking recognition and higher status|Wants to advance their career|Looking for promotion opportunities,"Motivations driven by professional success, career progression, and recognition in the workplace."
Achievement and Self-Improvement,Performance Enhancement,They want to complete their projects successfully.,"Motivations driven by the desire to accomplish goals, succeed, and gain a sense of achievement.",The desire to finish tasks and projects successfully.,They want to complete their projects successfully.|Finish tasks on time.|Achieve set objectives.,Motivations focused on reaching specific personal or professional goals.
Achievement and Self-Improvement,Fashion and Appearance,They are motivated to win or achieve their goals.,"Motivations driven by the desire to improve oneself, gain skills, or achieve personal milestones.",Driven by the desire to succeed and reach set objectives.,They are motivated to win or achieve their goals.|Pursuing success in competitions or personal aims.,Motivations centered on excelling in tasks and achieving success.
Achievement and Self-Improvement,Goal-Oriented Motivation,They aim to perform well and meet their goals.,"Motivations centered around attaining success, recognition, and reaching personal or external benchmarks.",Desire to excel in tasks and meet high standards.,Achieving high performance motivates them|They strive to meet or surpass standards|Success in tasks is a key driver|They are motivated by tangible results,Motivations driven by setting and achieving specific objectives.
Achievement and Self-Improvement,Skill Development and Learning,They aim to improve their physical and mental health.,"Motivations driven by the desire to improve oneself, achieve goals, and fulfill personal potential.",Desire to improve physical and mental health.,They want to stay healthy and maintain wellness.|They are motivated to adopt healthier habits.,"Motivations centered around enhancing personal well-being, habits, and overall quality of life."
Achievement and Self-Improvement,Goal Achievement and Success,They aim to reach their personal goals to feel successful.,"Motivations driven by the desire to improve oneself, reach personal goals, and develop skills or abilities.",Driven by the desire to achieve personal ambitions.,They aim to reach their personal goals to feel successful.|Motivated by the desire to accomplish what they set out to do.,Motivations centered around accomplishing specific objectives or reaching milestones.
Achievement and Self-Improvement,Skill Development and Learning,They want to acquire more knowledge about their interests.,"Motivations driven by the desire to improve oneself, gain recognition, and achieve personal success.",Desire to learn new information or deepen understanding in specific areas.,Seeks to learn new facts | Aims to deepen understanding | Wants to stay informed | Pursues educational opportunities,"Motivations centered on gaining knowledge, skills, or personal development."
Achievement and Self-Improvement,Recognition and Status,They seek public recognition for their accomplishments.,"Motivations rooted in accomplishing goals, gaining recognition, or reaching a high level of success.",The desire to be publicly acknowledged for achievements.,Desire for public recognition|Be acknowledged publicly|Gain fame for achievements,"Motivations to gain acknowledgment, respect, or high social status."
Achievement and Self-Improvement,Personal Safety,The individual wants to improve their proficiency in a specific skill or activity.,"Motivations driven by the desire to improve oneself, achieve personal goals, or gain recognition.",The desire to become proficient in a specific skill or activity.,They practice regularly to master the skill.|They set personal goals to track their progress.|They seek feedback to enhance their abilities.|They feel satisfied when they see improvement.,"Motivations focused on developing skills, knowledge, or personal qualities to become better."
Achievement and Self-Improvement,Recognition and Status,They aim to earn respect from their peers.,"Motivations driven by the desire to improve oneself, achieve goals, and attain a sense of mastery.",The desire to be respected and acknowledged by others.,They aim to earn respect from their peers.|Respect from others boosts self-esteem.,"Motivations related to gaining recognition, respect, or status from others."
Achievement and Self-Improvement,Self-Improvement,They want to build better habits to improve their daily routine.,"Motivations driven by a desire to improve oneself, achieve goals, and develop skills or qualities.",The motivation to develop and maintain positive habits.,They want to build better habits to improve their daily routine.|Motivated to establish positive routines.,"Motivations centered around enhancing personal qualities, habits, or behaviors."
Achievement and Self-Improvement,Skill Development and Learning,They are motivated to learn new skills to enhance their abilities.,"Motivations driven by the desire to attain personal goals, improve skills, or gain recognition for accomplishments.",Motivated by the desire to learn new skills to improve personal or professional capabilities.,They are motivated to learn new skills to enhance their abilities.|Seeking growth through skill acquisition.,Motivations centered on acquiring new skills or knowledge to enhance personal or professional competence.
Achievement and Self-Improvement,Recognition and Status,They seek recognition for their achievements.,"Motivations driven by the desire to attain personal goals, improve skills, or gain recognition for accomplishments.",Motivated by the desire to be recognized or acknowledged for achievements.,They seek recognition for their achievements.|Desire for acknowledgment from peers.,"Motivations related to gaining recognition, awards, or social status for achievements."
Achievement and Self-Improvement,Recognition and Status,He wants to be recognized and admired by his peers.,"Motivations driven by the desire to attain personal goals, recognition, and a sense of accomplishment.",Seeking acknowledgment from others to enhance self-worth.,He desires recognition and admiration from others.|He seeks approval from his social circle.,"Motivations focused on gaining social recognition, status, or admiration from others."
Achievement and Self-Improvement,Recognition and Status,They seek approval and validation from their social circle.,"Motivations driven by the desire to attain goals, recognition, and a sense of accomplishment.",Motivated by the need for approval and validation from others.,They look for social acceptance | They want validation from peers | Motivated by approval | Desire for social recognition,"Motivations centered around gaining acknowledgment, praise, or social approval."
Aesthetic and Experiential Satisfaction,Fashion and Appearance,They are motivated by the appreciation of beauty and appealing design.,"Motivations driven by the pursuit of aesthetic pleasure, sensory experiences, or emotional fulfillment.",Motivated by the appreciation of beauty and design aesthetics.,Seeking beautiful and well-designed products | Motivated by aesthetic appeal | Appreciation for artistic expression | Desire for visually pleasing experiences,"Motivations centered on appreciating beauty, design, or artistic expression."
Aesthetic and Experiential Satisfaction,Mental and Emotional Well-being,They are motivated by the desire to enjoy and have fun.,"Motivations driven by the pursuit of aesthetic pleasure, sensory experiences, or emotional fulfillment.","Motivated by the desire for enjoyment, fun, and leisure.",Seeking fun and entertainment | Motivated by enjoyable experiences | Desire for leisure activities | Pursuit of happiness through entertainment,Motivations focused on experiencing positive emotions or memorable moments.
Aesthetic and Experiential Satisfaction,Influence of External Rewards,He works hard to earn more money.,"Motivations driven by external factors such as societal expectations, approval, and comparisons.",Motivated by monetary rewards or financial gain.,He is motivated by earning more income.|Financial rewards motivate his actions.,Motivations driven by tangible external rewards or incentives.
Autonomy and Personal Freedom,Freedom of Choice,They want to be independent and make their own choices.,"Motivations centered on independence, control over choices, and self-determination.",The wish to be autonomous and self-reliant.,They seek independence to control their lives.|Desire to rely on themselves.,Motivations driven by the desire to make independent decisions without external constraints.
Autonomy and Personal Freedom,Innovation and Creativity,They want to keep their skin healthy and looking good.,Motivations driven by the desire to enhance physical appearance or personal style.,Motivation to maintain healthy and attractive skin.,They are motivated to follow skincare routines for better skin.|Maintaining skin health and appearance is important.,Motivations focused on enhancing physical attractiveness through grooming and beauty routines.
Avoidance of Negative Outcomes,Preventing Discomfort or Harm,They want to avoid feeling embarrassed in social situations.,Motivations centered around preventing undesirable experiences or consequences.,Motivated to prevent feelings of embarrassment or shame.,Wants to prevent embarrassment|Fears shame in public,"Motivations to avoid physical, emotional, or social discomfort."
Environmental and Moral Responsibility,Material Rewards and Incentives,He is motivated to live sustainably to protect the environment.,"Motivations motivated by ethical considerations, environmental concern, and social responsibility.",Commitment to eco-friendly and sustainable practices.,Motivated to live sustainably|Wants to reduce environmental impact,Motivations driven by the desire to protect and preserve the environment.
Environmental and Moral Responsibility,Self-Representation in Social Contexts,He is motivated to donate to charity.,"Motivations motivated by ethical considerations, environmental concern, and social responsibility.",Desire to donate or contribute to charitable causes.,Motivated to donate to charity|Wants to support social causes,Motivations rooted in ethical principles and social good.
Experiential and Emotional Engagement,Innovation and Creativity,They value honesty and transparency in their actions.,"Motivations driven by ethical beliefs, values, and moral standards guiding behavior.",Motivation to be truthful and transparent.,They seek to be honest|They value truthfulness|Transparency motivates them,Motivations to act truthfully and uphold moral standards.
Experiential and Emotional Engagement,Social Validation,He wants to live honestly and uphold his integrity.,"Motivations based on adherence to personal, cultural, or moral values guiding behavior.",Motivated by the desire to act truthfully and with integrity.,He is committed to honesty | He aims to act with integrity,Motivations driven by the desire to act according to ethical standards and principles.
Financial Security and Prosperity,Wealth Accumulation,They aim to earn more money to improve their financial situation.,"Motivations driven by the desire to attain financial stability, independence, or wealth.",Motivated by the desire to increase income and financial resources.,Seeking higher income | Desire to increase earnings | Focused on earning more | Improving financial resources,Motivations focused on increasing personal or family wealth.
Financial Security and Prosperity,Financial Security,They are motivated to achieve financial independence.,"Motivations related to achieving financial stability, independence, and economic well-being.",The desire to be financially independent and self-sufficient.,They want financial independence | Focused on self-sufficiency | Driven to be financially autonomous.,Motivations to attain the freedom from financial reliance on others.
"Health, Safety, and Well-Being",Physical Health,They want to stay healthy and prevent sickness.,"Motivations focused on maintaining physical health, safety, and overall well-being.",Desire to maintain good health and avoid illness.,Maintaining health motivates their actions|They prioritize staying free from illness,Motivations related to maintaining or improving physical health and fitness.
"Health, Safety, and Well-Being",Contributing to Society or a Cause,He wants to make a meaningful difference through his actions.,"Motivations centered around finding purpose, meaning, or contributing to something larger than oneself.",Driven to create positive change in the community or world.,He seeks to impact society positively | Aims to contribute to the community | Motivated to foster social change | Desires to help others,Motivated by the desire to make a positive difference in society or support causes.
Material and Hedonic Rewards,Material Possessions,They want to own status symbols to reflect their success.,"Motivations focused on obtaining tangible rewards, material possessions, and financial gains.",Desire to possess items that symbolize success or social standing.,They seek to own items that showcase their success.|They believe possessions can elevate their status.,Motivations to acquire tangible goods and possessions as symbols of success or personal taste.
Material and Hedonic Rewards,Skill Acquisition and Mastery,They want to buy new clothing.,"Motivations driven by acquiring, using, or enjoying tangible products and possessions.",The desire to purchase new apparel or accessories.,They want to buy new clothing.,Motivations focused on purchasing or obtaining products.
Material and Hedonic Rewards,Sensory and Aesthetic Satisfaction,They are motivated by visually appealing and well-designed products.,"Motivations driven by the pursuit of pleasurable, enjoyable, or emotionally satisfying experiences.",Motivated by attractive visuals and aesthetic design.,They are motivated by visually appealing and well-designed products.|Aesthetic design influences their choices.,"Motivations focused on visual, tactile, or aesthetic pleasure derived from products or experiences."
Material and Lifestyle Fulfillment,Practical Utility and Convenience,They choose outfits that make them feel more confident.,"Motivations driven by the pursuit of emotional satisfaction, confidence, or psychological well-being through appearance or behavior.",Wearing clothing or adopting styles that increase self-confidence.,Boosting confidence through fashion | Wearing clothes that empower | Enhancing self-esteem via style,Using appearance or behavior to boost self-confidence and feel empowered.
Material and Lifestyle Fulfillment,Goal-Oriented Motivation,They aim to present an authentic version of themselves through their style.,"Motivations driven by the pursuit of emotional satisfaction, confidence, or psychological well-being through appearance or behavior.",Expressing authentic self through appearance to reinforce personal identity.,Authentic self-expression | Conveying true identity | Staying true to personal values,"Motivations to reinforce or affirm personal identity, values, or life choices."
Material and Lifestyle Fulfillment,Performance Enhancement,They aim to make their home more comfortable.,"Motivations driven by the desire to secure or enhance physical possessions, comfort, and lifestyle quality.",Desire to create a comfortable and pleasant living environment.,Wants a cozy home | Seeks to improve living space | Desires a pleasant environment | Aims for home comfort,"Motivations centered on improving living conditions, comfort, and lifestyle quality."
Personal Identity and Self-Expression,Self-Representation in Social Contexts,They want to express their authentic self.,"Motivations rooted in personal values, cultural beliefs, and self-identity.",Desire to express one's true self openly.,They want to express their true self|Seeking authenticity|Motivated to be genuine,"Motivations related to personal identity, authenticity, and self-expression."
Personal Identity and Self-Expression,Skill Development and Learning,He wants to lose weight to stay healthier.,"Motivations driven by the desire to enhance personal skills, attain goals, or improve oneself.",Desire to improve physical health or fitness.,He wants to lose weight to stay healthier.|She is motivated to exercise regularly to improve her stamina.,"Motivations related to improving oneself intellectually, emotionally, or physically."
Personal Identity and Self-Expression,Skill Development and Learning,They want to upgrade their living space to make it more comfortable.,Motivations centered on acquiring material possessions or lifestyle improvements to enhance quality of life.,Drive to improve home environment for comfort and aesthetics.,Renovating their home improves comfort | They seek a more attractive living environment | Upgrading appliances enhances their lifestyle | They enjoy modern and stylish interiors,Motivations to enhance living conditions and personal environment to increase comfort and satisfaction.
Personal Identity and Self-Expression,Financial Security,They want to save money to secure their financial future.,Motivations centered on acquiring material possessions or lifestyle improvements to enhance quality of life.,Desire to build savings to ensure financial security.,Saving helps them feel secure | They prioritize building an emergency fund | Planning for retirement motivates them | They aim to reduce financial stress,Motivations driven by the desire to achieve financial stability and increase wealth.
Personal Identity and Self-Expression,Skill Acquisition and Mastery,The individual wants to learn a new language to improve their communication skills and open up new opportunities.,"Motivations driven by the desire to improve oneself, achieve personal goals, and develop skills or habits.",Desire to acquire proficiency in a foreign language to enhance communication skills.,They want to speak fluently in another language | Improving language skills is a personal goal | Learning a language will help in their career | They enjoy the challenge of mastering new vocabulary,Motivations focused on learning new skills or improving existing ones to gain competence and confidence.
Personal Identity and Self-Expression,Cultural and Moral Values,They want to uphold cultural norms and traditions.,"Motivations rooted in personal values, cultural beliefs, and self-identity.",Desire to adhere to cultural traditions and expectations.,They want to uphold cultural norms|Motivated to follow traditions|Seeking cultural acceptance,"Motivations driven by cultural norms, morals, or religious beliefs."
Personal Identity and Self-Expression,Fashion and Appearance,They want to express their unique style to stand out from others.,"Motivations driven by the desire to express one’s identity, personality, or individuality through behavior, appearance, or choices.",Motivated by the desire to showcase a unique personal style and stand out.,They want to express their unique style to stand out from others.|Using fashion as a way to showcase individuality.,Motivations related to showcasing personal style or aesthetic preferences through clothing and grooming.
Personal Identity and Self-Expression,Fashion and Appearance,They want to enhance their coding abilities to become more proficient.,"Motivations driven by the desire to improve oneself, achieve personal goals, and enhance individual capabilities.",Motivated by the desire to become better at coding and programming.,They want to improve their programming skills to code better | Desire to learn new programming languages | Aiming to master coding techniques | Striving to become a better coder,"Motivations focused on enhancing specific skills, mastering tasks, or improving performance in particular areas."
Personal Identity and Self-Expression,Skill Development and Learning,They want to keep learning and expanding their knowledge.,"Motivations driven by the desire to enhance oneself, achieve personal growth, or attain a sense of accomplishment.",Motivated by the desire to learn new things continuously.,They want to keep learning and expanding their knowledge.|Motivated by curiosity and self-development.,"Motivations focused on acquiring new knowledge, skills, or personal development."
Personal Identity and Self-Expression,Sensory and Aesthetic Satisfaction,They want to showcase their unique style through their clothing choices.,"Motivations driven by the desire to express individual identity, personal values, and uniqueness through behavior or choices.",The desire to express personal style through clothing choices.,Expressing personal style through clothing | Showcasing individuality via fashion | Using fashion to reflect personality,"Motivations related to showcasing personal style, fashion, or aesthetic preferences to reflect individuality."
Personal Identity and Self-Expression,Cultural and Moral Values,They want to communicate their political or social beliefs through their appearance.,"Motivations driven by the desire to express individual identity, personal values, and uniqueness through behavior or choices.",Using clothing or appearance to express political or social beliefs.,Expressing political beliefs through fashion | Using style to make social statements | Communicating values via appearance,"Motivations to communicate core values, beliefs, or social messages through appearance or behavior."
Personal Identity and Self-Expression,Mental and Emotional Well-being,They aim to maintain emotional stability and balance.,"Motivations focused on maintaining, enhancing, or seeking comfort, safety, and personal health.",Seeking emotional balance and stability.,Emotional balance is essential|They seek psychological stability|Maintaining emotional health motivates them,"Motivations centered on emotional stability, mental health, and psychological comfort."
Personal Identity and Self-Expression,Cultural and Moral Values,They want to live comfortably.,"Motivations driven by the desire to attain material possessions, comfort, and a certain lifestyle.",Desire to enjoy a comfortable living environment.,They want to live comfortably.|Seeking a comfortable lifestyle.,"Motivations related to obtaining comfort, luxury, and a desirable lifestyle."
Personal Identity and Self-Expression,Personal Milestones,He wants to run a marathon to prove his endurance.,"Motivations driven by the desire to develop oneself, acquire new skills, or achieve personal milestones.",The goal to complete a marathon as a personal achievement.,He wants to run a marathon to prove his endurance.|Completing a marathon is a significant personal milestone.,Motivations centered around achieving specific personal goals or milestones.
Personal Identity and Self-Expression,Fashion and Appearance,They want to prove they are capable and competent.,"Motivations driven by the desire to enhance oneself, achieve goals, or demonstrate personal competence.",Desire to demonstrate competence and skill to others.,They want to prove they are capable and competent.|They seek to showcase their skills and abilities.,"Motivations focused on demonstrating skill, mastery, or outperforming others."
Personal Identity and Self-Expression,Authenticity and Self-Expression,They want to engage in activities that promote their self-care.,"Motivations centered on improving mental health, emotional comfort, and psychological resilience.",Motivation to engage in activities that promote self-care.,They want to engage in activities that promote their self-care.|Prioritizing personal well-being.,Motivations centered on caring for oneself and expressing emotions healthily.
Personal Identity and Self-Expression,Self-Representation in Social Contexts,They want to be popular among their peers to gain social approval.,"Motivations rooted in building relationships, gaining social acceptance, or achieving recognition from others.",The wish to be liked and admired by peers.,They seek to be admired by others|Motivated by the desire to be liked|Looking to gain social approval|Aspiring to be seen as popular,"Motivations centered on being accepted, liked, or valued by others."
Personal Identity and Self-Expression,Performance Enhancement,They aim to perform at their best and gain recognition for their accomplishments.,"Motivations driven by the pursuit of personal growth, achievement, and self-improvement.",Seeking to perform at the highest level and be recognized for achievements.,They want to excel in their activities | They seek recognition for their achievements | They are motivated by the desire to be the best | They aim to achieve personal success,"Motivations centered on reaching goals, excelling, and gaining recognition."
Personal Identity and Self-Expression,Building Relationships,They want to build meaningful connections with others.,"Motivations driven by the need for social interaction, belonging, approval, and recognition from others.",Motivated by the desire to connect with others and develop relationships.,They seek to meet new people and form relationships. | Their goal is to develop strong social bonds.,"Motivations centered on creating, maintaining, or strengthening personal relationships."
Personal Identity and Self-Expression,Performance Enhancement,They want to build their self-confidence and feel more assured.,"Motivations driven by the desire to grow personally, achieve goals, and improve oneself.",The desire to increase self-esteem and confidence in one's abilities.,They want to build their self-confidence and feel more assured.,"Motivations focused on boosting self-esteem, confidence, and personal image."
Personal Identity and Self-Expression,Material Rewards and Incentives,They want to express their personal style through their choices.,"Motivations driven by the pursuit of personal happiness, pleasure, and internal satisfaction.",Motivated by the desire to showcase personal style and uniqueness.,They want to express their personal style through their choices.|Showing individuality.|Using fashion or behavior to stand out.,Motivations centered on expressing individuality and personal values.
Personal Identity and Self-Expression,Skill Acquisition and Mastery,The individual wants to learn new skills to improve their personal abilities.,"Motivations driven by the desire to enhance oneself, achieve personal growth, or reach a sense of accomplishment.",Motivated by the wish to learn new skills or improve existing ones.,They are eager to acquire new skills | Improving personal abilities is a priority | They seek to master new competencies | Focused on skill development for personal growth,"Motivations focused on attaining skills, success, or mastery in specific areas."
Personal Identity and Self-Expression,Skill Development and Learning,They seek to learn new skills and expand their knowledge base.,"Motivations driven by the desire to improve oneself, achieve personal goals, or realize individual potential.",Motivated by the desire to acquire new knowledge or skills.,They want to learn new skills|Seeking educational opportunities|Motivated to expand their knowledge,"Motivations related to personal growth, learning new things, and self-improvement."
Personal Identity and Self-Expression,Performance Enhancement,The individual aims to climb the professional ladder and gain recognition for their work.,"Motivations driven by the desire to improve oneself, achieve personal goals, or realize individual potential.",Motivated by the desire to progress professionally and gain recognition in one's field.,They want to get promoted at work|Seeking recognition for their achievements|Motivated to excel in their career,"Motivations centered around accomplishing goals, gaining recognition, or reaching milestones."
Personal Identity and Self-Expression,Authenticity and Self-Expression,They aim to express their emotions and ideas through creative activities.,"Motivations driven by the desire for personal growth, self-expression, and achieving individual identity.",Desire to communicate feelings and ideas through art or creativity.,Using art to convey feelings is important|They want to showcase their creativity|Expressing emotions through art motivates them|They seek outlets for their artistic talents,Motivations related to expressing oneself through creative or artistic outlets.
Personal Identity and Self-Expression,Skill Acquisition and Mastery,The individual seeks to accomplish personal goals and demonstrate their abilities.,"Motivations driven by the desire for personal growth, self-expression, and achieving individual identity.",A desire to accomplish goals and demonstrate competence.,They want to succeed and prove their competence|They aim to reach their full potential|Striving for personal achievement motivates them|They are driven by a desire to accomplish goals,Motivations aimed at realizing personal potential and self-improvement.
Personal Identity and Self-Expression,Authenticity and Self-Expression,They seek activities that boost their self-esteem.,"Motivations driven by core personal beliefs, morals, and identity-related factors.",Motivated by the desire to feel better about oneself.,They seek activities that boost their self-esteem.|Feeling more confident and valued.,Motivations related to how individuals see themselves and want to be perceived.
Personal Identity and Self-Expression,Authenticity and Self-Expression,They want to stay true to themselves in their actions.,"Motivations driven by core personal beliefs, morals, and identity-related factors.",Motivated by the desire to remain authentic and true to one's identity.,They want to stay true to themselves in their actions.|Being authentic is important to them.,Motivations related to expressing true self and staying authentic.
Personal Identity and Self-Expression,Fashion and Appearance,They seek approval from friends and colleagues.,"Motivations driven by the desire for social belonging, recognition, or positive interactions with others.",Motivated by the need for approval from peers and social circles.,They want others to approve of their actions|Seeking validation from peers|Motivated by social acceptance,"Motivations centered around gaining approval, validation, or positive feedback from others."
Personal Identity and Self-Expression,Self-Representation in Social Contexts,They seek companionship to feel less lonely.,"Motivations related to forming, maintaining, or enhancing social bonds, gaining approval, or being recognized by others.",Motivated by the desire to find companionship and avoid loneliness.,They seek companionship to feel less lonely.|Looking for social interactions to connect with others.,Motivations centered on creating and strengthening personal relationships.
Personal Identity and Self-Expression,Skill Development and Learning,They want to learn new things and expand their knowledge to improve themselves.,"Motivations driven by the pursuit of enhancing oneself, acquiring new skills, or achieving personal development goals.",Motivated by the desire to learn new information or skills.,They want to learn new things and expand their knowledge to improve themselves.,"Motivations focused on gaining knowledge, learning new skills, or improving existing competencies."
Personal Identity and Self-Expression,Recognition and Status,They aim to attain a higher social position.,"Motivations driven by the desire for social interaction, acceptance, and recognition from others.",Motivated to attain a higher social standing.,They aim to attain a higher social position.|Desire for social dominance.,"Motivations driven by the desire to attain social status, prestige, or admiration."
Personal Identity and Self-Expression,Skill Acquisition and Mastery,They aim to succeed in their endeavors.,"Motivations related to enhancing oneself, acquiring new skills, and achieving personal development goals.",Motivated to attain personal or professional success.,They aim to succeed in their endeavors.|Pursuing success in career and life.,Motivations centered around setting and achieving personal ambitions and long-term goals.
Personal Identity and Self-Expression,Performance Enhancement,The person wants to perform better at work to stand out and achieve professional success.,"Motivations driven by the desire to improve oneself, achieve goals, or demonstrate competence.",Motivated by the wish to perform better professionally and stand out in the workplace.,They aim to improve their work performance to gain recognition | striving to outperform colleagues | seeking to excel in their career | motivated by the desire to be the best at their job,"Motivations aimed at improving skills, productivity, or performance levels."
Personal Identity and Self-Expression,Fashion and Appearance,They want to enhance their personal appearance.,"Motivations driven by the desire to enhance personal health, mental state, or overall life satisfaction.",The desire to look more attractive or stylish.,They want to enhance their personal appearance.,Motivations related to improving physical appearance and personal attractiveness.
Personal Identity and Self-Expression,Self-Representation in Social Contexts,They aim to project a specific image to influence how others perceive them.,"Motivations driven by the desire to express one’s identity, personality, or individuality through behavior, appearance, or choices.","Motivated by the desire to project a specific image to others, influencing how they are perceived.",They aim to project a specific image to influence how others perceive them.|Using appearance to shape perceptions.,Motivations focused on presenting oneself to others in a way that aligns with personal or group identity.
Personal Identity and Self-Expression,Skill Acquisition and Mastery,They want to express who they are and showcase their personality.,"Motivations driven by the pursuit of enhancing oneself, acquiring new skills, or achieving personal development goals.",Motivated by the desire to showcase or affirm one's identity or personality.,They want to express who they are and showcase their personality.,"Motivations centered around realizing one’s potential, expressing identity, or fulfilling personal values."
Personal Identity and Self-Expression,Altruism and Helping Others,They aim to support and help others in their community.,"Motivations driven by the desire for social belonging, recognition, or positive interactions with others.",Motivated by the desire to support and assist others in need.,They want to support those in need|Motivated to help friends and family|Seeking to contribute positively to others' lives,"Motivations driven by the desire to assist, support, or improve the well-being of others."
Personal Identity and Self-Expression,Cultural and Moral Values,They are motivated to celebrate and maintain their cultural traditions.,"Motivations rooted in personal values, cultural identity, and moral principles.",Desire to uphold and express cultural identity.,They want to preserve cultural heritage|Motivated by cultural pride|Seeking to express cultural identity|Desiring cultural recognition,"Motivations driven by cultural identity, moral principles, and personal ethics."
Personal Identity and Self-Expression,Skill Acquisition and Mastery,They are motivated by the desire to find their life's purpose.,"Motivations driven by the desire to achieve personal growth, mastery, and self-actualization.",Seeking a meaningful direction or reason for their actions.,They are motivated by the desire to find their life's purpose.|Searching for meaningful direction.,Motivations centered on realizing one's full potential and authentic self.
Personal Identity and Self-Expression,Fashion and Appearance,They want to prove their skills and be recognized for their abilities.,"Motivations driven by the desire to enhance oneself, achieve goals, and demonstrate competence.",Motivations to showcase one's abilities to gain acknowledgment from others.,They want to prove their skills and be recognized for their abilities.,"Motivations focused on demonstrating skills, achieving high standards, and gaining recognition for personal abilities."
Personal Identity and Self-Expression,Performance Enhancement,They aim to win competitions and outperform others.,"Motivations related to personal growth, mastery, achievement, and self-fulfillment.",Desire to succeed and win in competitive scenarios.,They want to win and succeed in competitions|They strive to outperform others|They aim for victory,"Motivations centered on accomplishing tasks, winning, and achieving success."
Personal Identity and Self-Expression,Approval and Acceptance,They seek approval to feel validated.,"Motivations rooted in forming bonds, gaining approval, or being recognized by others to satisfy social needs.",Motivated to gain approval from others to feel validated.,They desire validation from peers | Want approval from authority figures | Seek positive feedback | Aim to be accepted by their community,"Motivations driven by the desire to gain approval, acceptance, or positive judgment from others."
Personal Identity and Self-Expression,Performance Enhancement,They are motivated to improve themselves and develop better habits.,"Motivations driven by the desire to enhance oneself, achieve personal growth, or attain a sense of accomplishment.","Aiming to better oneself through education, habits, or behavior change.",Self-improvement efforts lead to increased confidence.|They are driven by a desire to become better.,"Motivations centered on improving oneself, gaining confidence, or achieving personal excellence."
Personal Identity and Self-Expression,Innovation and Creativity,He is motivated to create new art pieces and compositions.,"Motivations driven by curiosity, adventure, or the desire for new experiences and discoveries.",The desire to produce artistic or musical works.,Motivated to create art and music | Expresses creativity through creation,"Motivations focused on creating, inventing, or exploring new ideas and concepts."
Personal Identity and Self-Expression,Building Relationships,They are motivated to develop meaningful relationships.,"Motivations driven by interactions with others, social approval, and belonging.",Drive to create deep and authentic personal bonds.,Building authentic relationships motivates their actions|They value deep personal connections,"Motivations to develop, maintain, or strengthen personal relationships."
Personal Identity and Self-Expression,Innovation and Creativity,They seek to satisfy their curiosity by exploring new ideas.,"Motivations driven by the desire to enhance oneself, achieve personal growth, or reach a sense of accomplishment.",Motivated by the desire to learn new information or explore new ideas.,They are eager to explore new ideas | Curious about new information | Motivated by the desire to learn | Interested in discovering new concepts,"Motivations driven by the desire to learn, explore, or satisfy curiosity."
Personal Identity and Self-Expression,Goal Achievement and Success,He is motivated to travel to new countries.,"Motivations driven by curiosity, adventure, or the desire for new experiences and discoveries.",The desire to visit new locations and experience different cultures.,Motivated by the desire to explore new places | Seeks international travel experiences,Motivations centered on exploring new places and engaging in adventurous activities.
Personal Identity and Self-Expression,Self-Representation in Social Contexts,They strive to gain social status.,"Motivations driven by the desire for social interaction, acceptance, and external validation.",Aiming to elevate social standing or prestige.,Seeking social status | Desire for prestige | Aspiring to elevate social standing,"Motivations centered on gaining status, prestige, or social superiority."
Personal Identity and Self-Expression,Recognition and Status,They seek praise to feel valued and appreciated.,"Motivations driven by the desire for social interaction, belonging, and external validation.",Desire for praise and recognition from others.,Motivated by the need for praise and acknowledgment.|Seeking validation through recognition.,"Motivations centered on gaining acknowledgment, praise, or status from others."
Personal Identity and Self-Expression,Mental and Emotional Well-being,He wants to stay healthy and avoid illness.,"Motivations driven by the desire to enhance oneself, acquire new skills, or achieve personal growth.",The desire to stay healthy or improve health conditions.,Motivated by the desire to maintain good health | Aims to prevent illness and stay fit,Motivations centered on maintaining or improving mental and physical health.
Personal Identity and Self-Expression,Recognition and Status,They want to live authentically.,Motivations related to expressing oneself and affirming personal identity.,The desire to be genuine and true to oneself.,They want to live authentically.|Being true to oneself fosters fulfillment.,Motivations centered on being true to oneself and expressing core values.
Pleasure and Enjoyment,Authenticity and Self-Expression,They want to indulge and treat themselves to pleasurable experiences.,"Motivations driven by the pursuit of pleasure, entertainment, and positive experiences.",The desire to indulge and treat oneself to pleasurable experiences.,They want to indulge and treat themselves to pleasurable experiences.|Self-care and indulgence.,"Motivations focused on personal pleasure, treating oneself, and satisfying desires."
Pleasure and Enjoyment,Skill Development and Learning,He is motivated to find entertainment and enjoy leisure activities.,"Motivations centered on seeking pleasure, entertainment, and sensory enjoyment.",Motivated by the desire to enjoy entertainment and leisure activities.,They seek fun and entertainment | motivated by leisure activities | looking for enjoyable experiences | desire for relaxation and fun,Motivations driven by the desire for pleasurable experiences and entertainment.
Pleasure and Enjoyment,Sensory and Aesthetic Satisfaction,They want to visit art exhibitions to experience beauty and inspire creativity.,"Motivations motivated by seeking fun, relaxation, or sensory pleasure.",The desire to experience art and aesthetic beauty.,Visit art exhibitions for inspiration|Experience aesthetic beauty|Enjoy artistic displays,"Motivations focused on experiencing beauty, art, or sensory stimulation."
Pleasure and Enjoyment,Skill Development and Learning,They want to watch movies to relax and have fun.,"Motivations motivated by seeking fun, relaxation, or sensory pleasure.",The desire to watch movies for entertainment and relaxation.,Enjoy watching movies|Relaxation through films|Entertainment from movies,Motivations centered around engaging in activities for fun and relaxation.
Pleasure and Enjoyment,Moral Integrity,They strive to act in a way that aligns with their moral values.,"Motivations driven by internal moral values, ethics, or sense of purpose.",Motivated by the desire to act ethically and morally.,Prioritize ethical behavior | They want to do what is morally right | Focus on integrity | They aim to act ethically in all situations,Motivations focused on acting in accordance with moral and ethical values.
Pleasure and Enjoyment,Innovation and Creativity,They seek relaxation to reduce stress.,"Motivations driven by the pursuit of pleasure, fun, and sensory satisfaction.",Motivated by the need to unwind and relax.,Relaxing helps them feel at ease.|They prioritize comfort and leisure.,Motivations focused on reducing stress and achieving comfort.
Pleasure and Enjoyment,Recognition and Status,They are motivated to seek fun and engage in leisure activities.,"Motivations driven by the pursuit of pleasure, enjoyment, or sensory experiences that bring happiness or relaxation.",Motivated by the desire to have fun and enjoy leisure activities.,They are motivated to seek fun and engage in leisure activities.|Looking for entertainment and amusement.,"Motivations centered on engaging in activities for fun, amusement, or entertainment value."
Pleasure and Enjoyment,Recognition and Status,They prioritize securing their financial future and stability.,"Motivations driven by the need for safety, stability, and reducing risk or discomfort.",Motivated by the need to secure financial stability.,They prioritize securing their financial future and stability.,Motivations focused on maintaining personal or financial security.
Pleasure and Enjoyment,Sensory and Aesthetic Satisfaction,They want to feel satisfied and content with their lives.,"Motivations driven by the pursuit of happiness, pleasure, and overall life satisfaction.",Desire to feel satisfied and content with life circumstances.,They want to feel satisfied and content with their lives.|Seeking overall happiness.,Motivations aimed at achieving overall happiness and contentment with life.
Pleasure and Enjoyment,Sensory and Aesthetic Satisfaction,They are motivated to enjoy beautiful visuals and sensory experiences.,"Motivations driven by the pursuit of pleasure, enjoyment, or sensory experiences that bring happiness or relaxation.","Motivated by the desire to enjoy beautiful visuals, sounds, or other sensory pleasures.",They are motivated to enjoy beautiful visuals and sensory experiences.|Seeking aesthetic pleasure.,Motivations focused on experiencing pleasure through sensory or aesthetic stimuli.
Pleasure and Enjoyment,Pleasure and Fun,They want to participate in fun experiences.,"Motivations driven by the pursuit of pleasure, fun, and sensory satisfaction.",Motivated by the desire to engage in enjoyable activities.,They seek entertainment | They want to have fun | They pursue pleasurable activities | They are motivated by enjoyment.,"Motivations focusing on seeking enjoyment, entertainment, and pleasurable experiences."
Pleasure and Enjoyment,Skill Development and Learning,She enjoys binge-watching her favorite series.,"Motivations related to engaging in activities for enjoyment, relaxation, or adventure.","Interest in watching movies, TV shows, or streaming content.",She enjoys binge-watching her favorite series.|He likes to listen to music during his commute.,Motivations focused on leisure activities for fun and relaxation.
Practical Convenience and Efficiency,Time Saving,They prefer quick and easy solutions for their tasks.,"Motivations centered on making life easier, saving time, and increasing efficiency through practical means.",Motivation to find fast and simple ways to accomplish tasks.,They look for methods that save time | Motivated by the need for efficiency | Focused on simplicity and speed | Strive to complete tasks quickly,Motivations focused on reducing time spent on tasks.
Practical and Functional Benefits,Financial Security,They want products that work effectively and reliably.,"Motivations driven by tangible benefits, utility, and practical outcomes.",Seeking products that function effectively and reliably.,They seek reliable functionality | They want products that perform well | They prioritize efficiency and dependability | They look for practical usefulness,Motivations focused on the practical use and benefits of products or services.
Practical and Functional Benefits,Material Comfort,She wants to buy designer clothes to feel more confident.,"Motivations motivated by the need for safety, stability, and material comfort.",Desire to purchase luxury goods or experiences.,She wants to buy designer clothes to feel more confident.|He is motivated to upgrade his car for better comfort.,Motivations aimed at improving physical comfort and material possessions.
Practical and Functional Benefits,Financial Security,They aim to acquire resources needed for stability.,"Motivations related to fulfilling basic needs, ensuring safety, and securing resources.",Desire to obtain necessary resources for stability and comfort.,Focused on obtaining resources|Seeking to secure essentials|Motivated to gather necessary supplies,"Motivations focused on acquiring, maintaining, and protecting resources."
Practical and Functional Benefits,Financial Security,They are motivated to save money and increase their wealth.,"Motivations driven by the desire for financial gain, material possessions, or economic stability.",Motivation to save money and build wealth for future security.,They aim to accumulate savings and assets.|Building wealth for financial security.,Motivations focused on achieving economic stability and avoiding financial hardship.
Practical and Functional Benefits,Meeting Basic Needs,They prioritize securing food and shelter.,"Motivations related to fulfilling basic needs, ensuring safety, and securing resources.",Seeking access to essential resources like food and shelter.,Focus on obtaining food and shelter|Seeking basic necessities|Prioritizing survival needs,"Motivations driven by the need for fundamental necessities such as food, shelter, and health."
Practical and Functional Benefits,Recognition and Status,They want to stay healthy and safe.,"Motivations that fulfill specific practical, functional, or utilitarian needs.",Motivation to maintain physical health and safety.,They want to stay healthy and safe.|They seek to protect their physical well-being.,Motivations aimed at protecting health and ensuring safety.
Practical and Functional Benefits,Material Comfort,They want to own a car for convenience and social status.,"Motivations driven by the desire for economic stability, wealth accumulation, and comfort.",Desire to own a vehicle for convenience and status.,They want to own a car for convenience and social status.|Purchasing a vehicle for daily use and prestige.,Motivations aimed at acquiring possessions or comforts for a better lifestyle.
Practical and Functional Benefits,Practical Utility and Convenience,They want to fix issues they encounter.,"Motivations focused on tangible outcomes, material benefits, or solving specific problems.",Motivated by the need to resolve problems or fix defects.,They want to fix issues they encounter.|Solving problems efficiently.|Addressing defects or errors.,Motivations aimed at solving specific problems or fulfilling practical needs.
Practical and Functional Benefits,Recognition and Status,They are motivated by the practical benefits of the product or service.,"Motivations related to fulfilling basic needs, utility, and practical benefits.","Motivations to obtain tangible, useful benefits.",They are motivated by the practical benefits of the product or service.,Motivations to gain practical benefits and usefulness from products or actions.
Practical and Functional Benefits,Material Possessions,They want to buy luxury goods for personal enjoyment.,Motivations driven by the desire to attain financial stability and material possessions.,Driven by the desire to purchase luxury items or indulgences.,They want to buy luxury goods for personal enjoyment.|Shopping for high-end products.,Motivations related to acquiring tangible goods and possessions.
Practical and Functional Benefits,Financial Security,They seek convenience to simplify their routines.,"Motivations centered around utility, safety, and functional benefits.",The desire for ease and simplicity in daily tasks.,They want easy solutions | Motivated by convenience | Desire for simplicity | Looking for time-saving options,Motivations to acquire products or services that fulfill functional needs.
Practical and Functional Benefits,Recognition and Status,They prefer options that are affordable and within their budget.,"Motivations driven by practical considerations, utility, or functional benefits of products or behaviors.",Motivation to choose options that are financially accessible.,They prefer options that are affordable and within their budget.|Looking for cost-effective solutions.,"Motivations related to affordability, value for money, and cost-effectiveness."
Practical and Functional Benefits,Performance and Activity Suitability,They select clothing suited for sports and physical activities.,"Motivations driven by the functional aspects of clothing and accessories, focusing on comfort, utility, and practicality.","Choosing clothing suitable for sports, exercise, or physical activities.",Sportswear for exercise | Activewear for physical activity | Clothing designed for performance,Motivations to select clothing that supports specific physical activities or performance needs.
Practical and Functional Benefits,Meeting Basic Needs,They seek to get enough food to meet their nutritional needs.,"Motivations driven by practical considerations, utility, or functional benefits.",Motivated to obtain food and nourishment.,Wants to eat nutritious food|Seeks sufficient nutrition,Motivations to satisfy fundamental physical or material needs.
Practical and Functional Benefits,Performance Enhancement,They want their tools or services to perform better.,"Motivations focused on tangible, practical benefits and functional improvements gained from a product or service.",The drive to improve the effectiveness or efficiency of a product or service.,Enhanced performance leads to better results.|They are motivated to optimize functionality.,Motivations centered on improving the functional performance and effectiveness of a product or service.
Practical and Functional Benefits,Financial Security,They aim to secure basic needs like food and shelter.,"Motivations driven by tangible rewards, resources, or practical advantages.","Motivations to secure food, shelter, and safety.",Motivated by the need to fulfill basic needs for survival.|Seeking safety and stability in life.,Motivations focused on ensuring access to essential resources and safety.
Practical and Functional Benefits,Material Possessions,They desire to own luxury items to enhance their status.,"Motivations centered on acquiring money, possessions, or material benefits to improve quality of life or achieve security.",Motivated to acquire luxury items for status or comfort.,They seek luxury goods to signal success | Want premium brands | Aim to own high-end products | Pursue luxury for status and comfort,Motivations driven by acquiring tangible possessions and material comforts.
Practical and Functional Benefits,Financial Security,He wants to achieve financial stability to feel secure.,"Motivations focused on acquiring tangible possessions, wealth, or financial stability.",The desire to secure financial resources for stability.,His motivation is to attain financial security.|He seeks stability through wealth.,Motivations aimed at achieving stability and safety through financial means.
Practical and Functional Benefits,Desire for Social Approval,They seek to improve comfort and convenience in their lives.,"Motivations driven by tangible, practical, or material gains that improve life quality or provide security.",Motivated by the desire to make daily life more comfortable and convenient.,Seeking comfort motivates their actions | They want to make life easier | Improving daily convenience is important | They aim for a more comfortable lifestyle,"Motivations focused on tangible improvements in daily life, convenience, or safety."
Practical and Functional Benefits,Skill Acquisition and Mastery,They seek to boost their income for stability.,"Motivations centered on acquiring money, possessions, or material benefits to improve quality of life or achieve security.",Motivated to earn more money to improve financial stability.,They aim to increase their earnings | Want higher salaries | Seek additional sources of income | Pursue financial stability,Motivations focused on increasing financial resources and wealth.
Practical and Functional Benefits,Practical Utility and Convenience,They prefer products that are simple and easy to use.,"Motivations driven by tangible or external benefits, such as rewards, incentives, or useful outcomes.",Motivated by products or actions that are easy to use or access.,They prefer products that are simple and easy to use.|Looking for convenience in everyday tasks.,"Motivations related to the usefulness, ease, or convenience of products or actions."
Practical and Functional Benefits,Material Rewards and Incentives,They are motivated to earn money through their actions.,"Motivations driven by tangible or external benefits, such as rewards, incentives, or useful outcomes.",Motivated by the desire to earn money or financial benefits.,They are motivated to earn money through their actions.|Pursuing rewards that have monetary value.,"Motivations focused on obtaining tangible rewards like money, gifts, or prizes."
Practical and Functional Benefits,Recognition and Status,They want to save money on their purchases.,"Motivations related to fulfilling basic, practical, and utilitarian needs through products or actions.",Motivated to save money through purchasing decisions.,They want to save money on their purchases.|Looking for discounts and bargains.,"Motivations driven by economic considerations, such as saving money or maximizing value."
Practical and Functional Benefits,Fashion and Appearance,They want to simplify their tasks to save time and effort.,"Motivations related to fulfilling basic, practical, and utilitarian needs through products or actions.",Motivated to make tasks easier and more convenient.,They want to simplify their tasks to save time and effort.|Seeking easy solutions.,"Motivations driven by the desire for simplicity, convenience, and ease of use."
Practical and Functional Benefits,Fashion and Appearance,They want solutions that save them time.,"Motivations driven by the tangible, practical benefits that products or actions provide.",The desire to save time through efficient solutions.,They want solutions that save them time.|Looking for quick and efficient options.,Motivations focused on simplifying tasks and saving time or effort.
Practical and Functional Benefits,Practical Utility and Convenience,They select clothing based on comfort and ease of movement.,"Motivations driven by the functional aspects of clothing and accessories, focusing on comfort, utility, and practicality.",Choosing clothing primarily for comfort and ease of wear.,Prioritizing comfort in clothing | Choosing easy-to-wear outfits | Comfort as a key factor in style decisions,"Motivations to prioritize comfort, ease of wear, and convenience in choices."
Security and Stability,Financial Security,They are motivated to earn income to secure their financial future.,"Motivations focused on ensuring safety, stability, and predictability in life.",Motivated by the need to generate income for living expenses and security.,They aim to earn money for stability | motivated to secure financial resources | seeking steady income | driven by economic needs,Motivations driven by the need for financial stability and economic safety.
Security and Stability,Financial Security,They want to ensure financial security for the future.,"Motivations centered on acquiring, maintaining, and increasing financial resources for security and comfort.",Motivated by securing financial stability for the future.,Wants to secure future financial stability|Seeks long-term security|Motivated by retirement planning|Desires peace of mind about finances,Motivations focused on achieving stability and peace of mind through financial means.
Security and Stability,Financial Security,They are motivated to avoid debt and financial burdens.,"Motivations centered around earning, saving, and maintaining financial stability.",Motivated by the desire to avoid debt and financial burdens.,Avoiding debt motivates them | They seek to maintain financial independence | Debt avoidance is a priority | Financial burdens are undesirable,Motivations aimed at maintaining a stable financial situation and avoiding insecurity.
Security and Stability,Financial Security,They aim to increase their financial wealth.,"Motivations focused on ensuring safety, stability, and predictability in life.",Desire to build financial resources and assets.,Saving money motivates them|They want to build wealth|Accumulating assets is a priority|Financial growth drives their actions,"Motivations related to earning, saving, and managing money for stability."
Security and Stability,Personal Safety,They aim to avoid dangerous situations.,"Motivations aimed at ensuring safety, predictability, and consistency in life.",Motivated by the need to stay away from risky situations.,Avoiding danger ensures their safety.|They are motivated to stay safe from harm.,Motivations related to physical safety and protection from harm.
Security and Stability,Mental and Emotional Well-being,He invests in stocks to build his wealth.,"Motivations aimed at ensuring financial safety, stability, or growth.",The desire to invest in stock markets to increase wealth.,He invests in stocks to build his wealth.|Stock investments are a way to grow money.,Motivations related to investing money to grow wealth.
Security and Stability,Physical Health,They want to install security systems to prevent theft and intrusion.,"Motivations related to ensuring physical, financial, or emotional security.",The desire to install security systems to prevent intrusion or theft.,Install security systems|Prevent theft|Ensure safety at home,Motivations aimed at ensuring personal safety and protection from harm.
Security and Stability,Personal Safety,They want to stay safe from physical harm and danger.,"Motivations related to maintaining safety, stability, and predictability in life.",The desire to stay safe from physical harm.,They want to stay safe from physical harm and danger.|Protection from physical threats.,Motivations centered on physical safety and protection.
Security and Stability,Skill Development and Learning,They are saving to build an emergency fund for unforeseen costs.,"Motivations aimed at ensuring financial safety, stability, or growth.",The desire to save money for unexpected expenses.,They are saving to build an emergency fund for unforeseen costs.|Emergency savings provide financial security.,Motivations to save money and manage expenses efficiently.
Security and Stability,Practical Utility and Convenience,They want to preserve their health and prevent illness.,"Motivations aimed at ensuring safety, stability, and avoiding risks or harm.",The desire to maintain good health and prevent illness.,They want to preserve their health and prevent illness.|Health preservation is a primary concern.,Motivations related to maintaining physical health and safety.
Social Connection and Belonging,Building Relationships,They want to maintain strong friendships with others.,"Motivations rooted in forming, maintaining, or improving social relationships and gaining social approval.",The desire to keep and nurture friendships.,They want to maintain strong friendships with others.|Nurturing existing social bonds.,Motivations centered on establishing and strengthening personal relationships.
Social Connection and Belonging,Physical Health,They are trying to lose weight to improve their health.,"Motivations related to improving physical health, mental health, and overall well-being.",The desire to shed pounds for health or aesthetic reasons.,They are trying to lose weight to improve their health.|Weight loss is a common motivation for better fitness.,Motivations driven by the desire to improve physical health through activity or diet.
Social Connection and Belonging,Self-Representation in Social Contexts,They want to make their own decisions to feel autonomous and in control.,"Motivations driven by the need for independence, self-direction, or mastery over one's environment.",Motivated by the desire to make choices without external influence.,Prefers to decide independently|Values making their own choices|Desire for self-directed decision-making,Motivations motivated by the desire to make independent choices and control one's life.
Social Connection and Belonging,Mental and Emotional Well-being,They seek ways to alleviate stress and relax.,Motivations centered around maintaining physical and mental health.,Desire to reduce stress through activities or practices.,Engaging in relaxing activities motivates them|They want to reduce stress levels|Practicing mindfulness helps them|Relaxation techniques are important,"Motivations related to emotional health, stress reduction, and psychological resilience."
Social Connection and Belonging,Building Relationships,He wants to strengthen his relationship with his family.,"Motivations driven by the desire to form, maintain, or strengthen personal and social relationships.",Seeking stronger bonds with family members.,He aims to build closer family ties | Seeks to improve family relationships | Wants to spend more quality time with family | Motivated to strengthen familial bonds,Motivations focused on establishing and nurturing personal connections.
Social Connection and Belonging,Building Relationships,They are motivated to support and care for their family members.,"Motivations driven by the need to connect with others, belong to a community, or seek social acceptance.",The motivation to support and care for family members.,Want to support family|Care for loved ones|Provide for family needs,Motivations related to nurturing and maintaining close family or personal bonds.
Social Connection and Belonging,Physical Health,The individual wants to stay healthy and avoid getting sick.,"Motivations driven by the desire to improve, maintain, or achieve physical and mental health.",Motivation to avoid sickness and health issues.,They want to prevent illness and stay in good health.|Avoid health problems by maintaining good habits.,Motivations focused on maintaining or improving physical health and preventing illness.
Social Connection and Belonging,Skill Development and Learning,They want to fit in with their peers and be accepted.,"Motivations centered on building relationships, gaining acceptance, and social recognition.",Desire to be accepted and fit into social groups.,They seek social acceptance|Want to be part of a group|Desire to blend in with others,Motivations driven by the need to belong to a group or community.
Social Connection and Belonging,Performance Enhancement,They want to participate in social events and activities.,"Motivations driven by the desire for social interaction, belonging, and relationships.",Desire to engage in social events and group activities.,They seek involvement in social gatherings|Motivated to join group activities|Wants to engage socially,Motivations related to actively participating in social activities and interactions.
Social Connection and Belonging,Self-Representation in Social Contexts,They are motivated to take part in community activities.,"Motivations driven by the need to connect, communicate, and build relationships with others.",Motivated by involvement in community events or groups.,They are motivated to take part in community activities.,Motivations centered on participating in social activities and engaging with the community.
Social Connection and Belonging,Fashion and Appearance,They are motivated to gain acceptance and approval from social groups.,"Motivations driven by the desire to connect with others, gain acceptance, or feel part of a community.",Motivated by the desire to be accepted and approved by social groups.,They are motivated to gain acceptance and approval from social groups.|Wanting to be liked and accepted.,"Motivations centered on gaining approval, acceptance, or validation from others."
Social Connection and Belonging,Skill Acquisition and Mastery,They want to support and help others.,"Motivations driven by the desire to build, maintain, or improve personal and social relationships.",Desire to help and support others.,They aim to support others|Providing help motivates them|Helping others is a key motivation,"Motivations related to providing or receiving support, care, and companionship."
Social Connection and Belonging,Desire for Social Approval,They seek validation from others to feel appreciated.,"Motivations rooted in forming relationships, gaining approval, or belonging to a group.",The desire to receive positive feedback and validation from others.,They look for praise from peers.|They feel motivated when others approve of their actions.|They seek compliments to boost their confidence.|They avoid criticism to maintain their self-esteem.,"Motivations driven by the need for acceptance, praise, or validation from others."
Social Connection and Belonging,Desire for Social Approval,They seek recognition among their peers to feel valued.,"Motivations centered on building relationships, gaining social approval, and belonging.",Motivated by the desire to be recognized and appreciated by peers.,They want to be acknowledged by friends | motivated by peer approval | seeking to be liked by others | desire for social recognition,"Motivations driven by the need to be accepted, liked, or approved by others."
Social Connection and Belonging,Physical Health,They want to stay active and improve their fitness.,Motivations related to maintaining or improving physical and mental health.,The desire to stay active and improve physical fitness.,They want to stay active and improve their fitness.|Focusing on physical health through exercise.,Motivations aimed at improving or maintaining physical health and fitness.
Social Connection and Belonging,Recognition and Status,They desire respect and admiration from others.,"Motivations rooted in forming, maintaining, and gaining approval within social relationships.",Seeking admiration and respect from peers.,They desire respect and admiration from others.|Seeking to be admired by peers.,"Motivations driven by gaining recognition, status, or admiration from others."
Social Connection and Belonging,Desire for Social Approval,They want to be included and accepted within a social group.,"Motivations rooted in the desire to belong, connect with others, and be accepted socially.",Motivation to be included and accepted within a social group.,They want to be included and accepted within a social group.|Looking to belong to a community.,Motivations centered on feeling part of a group or community.
Social Connection and Belonging,Building Relationships,They are motivated to find or maintain romantic relationships.,"Motivations driven by the desire to connect with others, gain acceptance, or feel part of a community.",Motivated by the desire to find or sustain romantic connections.,They are motivated to find or maintain romantic relationships.|Seeking romantic connection.,"Motivations focused on forming, maintaining, or strengthening personal relationships."
Social Connection and Belonging,Community and Social Engagement,They are motivated by the desire to join groups or communities.,"Motivations driven by the need to connect with others, form relationships, and feel part of a community.",The desire to be part of specific groups or communities.,They want to join groups to feel connected.|Seeking community membership.,Motivations related to feeling part of a community or group identity.
Social Connection and Belonging,Recognition and Status,They want to feel part of a group or community.,"Motivations based on forming bonds, gaining approval, and being part of a community.",The desire to belong to a social group or community.,They want to feel part of a group or community.|Longing to belong to social groups.,Motivations centered on being part of a community or group identity.
Social Connection and Belonging,Building Relationships,He wants to ensure his family’s well-being and happiness.,"Motivations related to forming, maintaining, or enhancing social bonds and relationships.",The desire to ensure the happiness and health of family members.,Motivated by the desire to keep his family happy and healthy | Prioritizes family well-being,Motivations centered on strengthening bonds with family and close friends.
Social Connection and Belonging,Skill Acquisition and Mastery,They desire affirmation to feel appreciated and validated.,"Motivations focused on forming, maintaining, and enhancing social bonds and acceptance.",Seeking positive feedback and recognition from others.,They seek positive feedback | Affirmation makes them feel valued | Recognition from others boosts their confidence | They look for validation from peers,"Motivations centered on receiving praise, validation, or acknowledgment from peers and community."
Social Connection and Belonging,Recognition and Status,They are motivated by a sense of shared identity within a group.,"Motivations related to forming, maintaining, or enhancing social relationships and a sense of community.",Motivated by belonging to a group with common values or identity.,Shared values foster motivation|Belonging to a group with common identity is important|Group identity enhances motivation,Motivations centered on feeling part of a community or group with shared values or identity.
Social Connection and Belonging,Building Relationships,They want to maintain strong bonds with their family members.,"Motivations driven by the desire for social interaction, belonging, and relational bonds.",Desire to keep strong and positive relationships with family members.,They want to maintain strong bonds with their family members.,Motivations focused on strengthening bonds with family and close friends.
Social Connection and Belonging,Community and Social Engagement,They want to expand their social circle and meet new people.,"Motivations driven by the desire for social interaction, belonging, and relational bonds.",Desire to meet new people and form new friendships.,They want to expand their social circle and meet new people.,Motivations centered on building and maintaining friendships and social groups.
Social Connection and Belonging,Skill Development and Learning,He wants to feel like he belongs to his community.,"Motivations driven by the desire to belong, be accepted, and maintain social relationships.",The need to feel accepted and part of a social group.,His motivation is to feel included in his community.|He seeks acceptance from his peers.,Motivations centered around feeling part of a group or community.
Social Connection and Belonging,Goal-Oriented Motivation,They are motivated to remain loyal and committed to their group.,"Motivations driven by the need for social interaction, belonging, and recognition within a community.",The motivation to remain loyal and committed to a group.,They are motivated to remain loyal and committed to their group.|Showing allegiance to a community.,Motivations related to aligning with group identity and shared values.
Social Connection and Belonging,Recognition and Status,They wear luxury brands to signal their social status.,"Motivations centered on gaining approval, fitting in, or being recognized positively by others through appearance or behavior.",Wearing luxury brands or designer items to signal status.,Wearing designer brands | Signaling wealth through fashion | Displaying luxury possessions,"Motivations to display wealth, status, or social standing through appearance or possessions."
Social Connection and Belonging,Building Relationships,They want to stay connected with loved ones.,"Motivations centered around forming, maintaining, and enhancing social bonds and acceptance.",Motivated by the desire to keep in touch with friends and family.,Wants to maintain contact with friends|Seeks ongoing communication|Motivated by staying in touch|Desires to keep relationships alive,Motivations focused on keeping existing social bonds strong and ongoing.
Social Connection and Belonging,Building Relationships,They want to improve communication with their partner to strengthen their relationship.,"Motivations driven by the desire to build, maintain, or improve personal and social relationships.",To enhance understanding and connection with a romantic partner.,They seek better communication with their partner|Improving understanding enhances their relationship|They want to resolve conflicts effectively,"Motivations that focus on deepening, maintaining, or improving current relationships."
Social Connection and Belonging,Mental and Emotional Well-being,They seek happiness and emotional fulfillment.,Motivations centered on maintaining or improving physical and mental health.,Driven by the pursuit of happiness and life satisfaction.,They seek happiness|Motivated by emotional fulfillment|Want to feel content,Motivations related to emotional health and psychological resilience.
Social Connection and Belonging,Self-Representation in Social Contexts,They seek acceptance from others.,"Motivations related to forming, maintaining, or strengthening social bonds and community ties.",Desire to be accepted by peers or social groups.,They seek acceptance from others.|Wanting to be part of a group.,"Motivations driven by the desire to be accepted, valued, and recognized by others."
Social Connection and Belonging,Strengthening Existing Bonds,They want to spend quality time with family and friends.,"Motivations driven by the desire to build, maintain, or enhance social bonds and relationships.",Desire to spend meaningful time with loved ones.,They want to spend quality time with family and friends.|Engaging in activities to strengthen bonds.,Motivations to maintain or deepen existing relationships.
Social Connection and Belonging,Community and Social Engagement,They are motivated by helping others and making a positive impact.,"Motivations focused on establishing, maintaining, and enhancing social bonds and community.",The desire to help others and contribute to the greater good.,They want to serve the community | Motivated by helping others | Desire to contribute positively | Altruistic motivations,Motivations aimed at participating in community activities and contributing to societal well-being.
Social Connection and Belonging,Recognition and Status,They want to earn respect from their peers and community.,"Motivations driven by the need for social belonging, approval, and meaningful relationships.",The desire to be respected by others.,Gaining respect motivates their actions and choices.|They seek recognition as a sign of competence or worth.,"Motivations aimed at gaining respect, admiration, or a higher social standing."
Social Connection and Belonging,Desire for Social Approval,They seek approval from their friends or colleagues.,"Motivations driven by the need for social belonging, approval, and meaningful relationships.",The desire to be accepted and approved by peers.,Gaining approval from peers motivates their actions.|They want to be recognized and accepted by their social circle.,Motivations centered on gaining approval or fitting in within social groups.
Social Connection and Belonging,Physical Health,They want to stay physically fit and healthy.,Motivations aimed at maintaining or improving physical and mental health.,Desire to keep physically active and fit.,They aim to maintain physical fitness|They want to stay active and healthy|They seek to keep fit,Motivations focused on keeping the body healthy and preventing illness.
Social Connection and Belonging,Building Relationships,They seek to establish deep and intimate relationships.,"Motivations driven by the need to be accepted, loved, or connected with others to fulfill social and emotional needs.","A wish to form close, personal bonds with others.",They want to build close bonds|They desire intimacy and personal connection|They seek meaningful relationships,"Motivations centered around forming, nurturing, and sustaining personal connections with others."
Social Connection and Belonging,Recognition and Status,They want to be appreciated and recognized for their contributions.,"Motivations driven by the need to be accepted, loved, or connected with others to fulfill social and emotional needs.",Desire to receive appreciation from others for one's efforts or qualities.,They seek recognition and validation from others|They desire acknowledgment for their efforts|They want to feel valued by their peers,"Motivations focused on gaining approval, recognition, or validation from others to boost self-esteem."
Social Connection and Belonging,Building Relationships,They want to spend meaningful time with their family to strengthen relationships.,"Motivations centered around building, maintaining, and improving social bonds and relationships.",Desire to connect deeply with family members through shared activities.,Sharing family meals helps them feel closer | They value quality moments with loved ones | Participating in family activities brings joy | They prioritize family time despite busy schedules,Motivations driven by the desire to strengthen bonds with family and close friends.
Social Connection and Belonging,Community and Social Engagement,They are motivated to volunteer to support their community.,"Motivations driven by the desire to belong, be accepted, or connect with others.",The desire to contribute time and effort to help others.,They are motivated to volunteer to support their community.| Volunteering gives them a sense of purpose.,Motivations to participate actively in community or group activities.
